Bharat Electrician and Plum..,,"6 Apana Sakha Society, Aarey Road, Goregaon East, Mumbai - 400063, Near Goregaon East Railway Station, Opposite DGS House"
Shri Electricals,,"Vitthai Niwas, Sector -26, Vashi, Navi Mumbai - 400703, Kopari Village, Near Hanuman Temple"
Nitin Electricians,,"Plot Number A-15, Agarwal Dairy Farm, Thane Belapur Road, Kopar Khairane, Navi Mumbai - 400709, Near Kopar Khairane MIDC"
Vinodini Electrician Work,,"Laxmi Wadi, Sainath Nagari,, Chendani Koliwala, Thane East, Thane - 400603, Saibaba Mandir"
Yusufi Electricals,,"Shop No 3, Kanji Mansion, SVP Road, 6th Khetwadi-girgaon, Girgaon, Mumbai - 400004, Near Gokul Dham Hotel"
Burhani Electrician,,"Shanti Nagar , V5 3302 Anath Ashram Building, Sector 11, Mira Road, Thane - 401107, Near Bharat Gas"
A R Electric,,"Room,No 99, Mahada Four, Space 2 , Om Shanti Park, Jhangid Road, Mira Road, Thane - 401107, Behind Balaji Hotel"
Aditya Electricals Work,,"Shop No -02, Juhu Village, Plot No -179, Sector-11, Vashi, Navi Mumbai - 400703, Near Nakoda Hp Gas"
Guru Krupa Electric,,"Shop No.2 Om Sagar Appartment, Sector-19, Cbd Belapur, Navi Mumbai - 400614, Near CBD Belapur Station"
Sudhir More,,"AH No.964,Sector -1, Airoli Naka, Airoli, Navi Mumbai - 400708, Opposite Fish Market"
Bharat Electrician and Plum..,,"6 Apana Sakha Society, Aarey Road, Goregaon East, Mumbai - 400063, Near Goregaon East Railway Station, Opposite DGS House"
Shri Electricals,,"Vitthai Niwas, Sector -26, Vashi, Navi Mumbai - 400703, Kopari Village, Near Hanuman Temple"
Nitin Electricians,,"Plot Number A-15, Agarwal Dairy Farm, Thane Belapur Road, Kopar Khairane, Navi Mumbai - 400709, Near Kopar Khairane MIDC"
Vinodini Electrician Work,,"Laxmi Wadi, Sainath Nagari,, Chendani Koliwala, Thane East, Thane - 400603, Saibaba Mandir"
Yusufi Electricals,,"Shop No 3, Kanji Mansion, SVP Road, 6th Khetwadi-girgaon, Girgaon, Mumbai - 400004, Near Gokul Dham Hotel"
Burhani Electrician,,"Shanti Nagar , V5 3302 Anath Ashram Building, Sector 11, Mira Road, Thane - 401107, Near Bharat Gas"
A R Electric,,"Room,No 99, Mahada Four, Space 2 , Om Shanti Park, Jhangid Road, Mira Road, Thane - 401107, Behind Balaji Hotel"
Aditya Electricals Work,,"Shop No -02, Juhu Village, Plot No -179, Sector-11, Vashi, Navi Mumbai - 400703, Near Nakoda Hp Gas"
Guru Krupa Electric,,"Shop No.2 Om Sagar Appartment, Sector-19, Cbd Belapur, Navi Mumbai - 400614, Near CBD Belapur Station"
Sudhir More,,"AH No.964,Sector -1, Airoli Naka, Airoli, Navi Mumbai - 400708, Opposite Fish Market"
Bharat Electrician and Plum..,,"6 Apana Sakha Society, Aarey Road, Goregaon East, Mumbai - 400063, Near Goregaon East Railway Station, Opposite DGS House"
Shri Electricals,,"Vitthai Niwas, Sector -26, Vashi, Navi Mumbai - 400703, Kopari Village, Near Hanuman Temple"
Nitin Electricians,,"Plot Number A-15, Agarwal Dairy Farm, Thane Belapur Road, Kopar Khairane, Navi Mumbai - 400709, Near Kopar Khairane MIDC"
Vinodini Electrician Work,,"Laxmi Wadi, Sainath Nagari,, Chendani Koliwala, Thane East, Thane - 400603, Saibaba Mandir"
Yusufi Electricals,,"Shop No 3, Kanji Mansion, SVP Road, 6th Khetwadi-girgaon, Girgaon, Mumbai - 400004, Near Gokul Dham Hotel"
Burhani Electrician,,"Shanti Nagar , V5 3302 Anath Ashram Building, Sector 11, Mira Road, Thane - 401107, Near Bharat Gas"
A R Electric,,"Room,No 99, Mahada Four, Space 2 , Om Shanti Park, Jhangid Road, Mira Road, Thane - 401107, Behind Balaji Hotel"
Guru Krupa Electric,,"Shop No.2 Om Sagar Appartment, Sector-19, Cbd Belapur, Navi Mumbai - 400614, Near CBD Belapur Station"
Aditya Electricals Work,,"Shop No -02, Juhu Village, Plot No -179, Sector-11, Vashi, Navi Mumbai - 400703, Near Nakoda Hp Gas"
Satya Electrical 24 Hours,,"Shop Number 04 Vajayanti Apartment, Lokhandwala Market Road, 4th Cross Lane, Andheri West, Mumbai - 400053, Near HDFC Bank"
Satya Electrical 24 Hours,,"Shop Number 04 Vajayanti Apartment, Lokhandwala Market Road, 4th Cross Lane, Andheri West, Mumbai - 400053, Near HDFC Bank"
John Electricals 24 Hours,,"Shop 5, Orlem Market, Marve Road, Malad West, Mumbai - 400064, Near Orlem Church"
Het Electricals,,"J 703, Rna Courtyard, Shanti Park, Mira Road, Thane - 401107, Near Hdfc Bank Ltd"
Eurotech Engineering,,"Sector 11,Plot No 26 C D, Kopar Khairane, Navi Mumbai - 400709"
Frank Interior Decorators,,"Office 415 Sra Building, Free Press Road, Nariman Point, Mumbai - 400021, Opposite Raheja Chembers"
Bharat Electrician and Plum..,,"6 Apana Sakha Society, Aarey Road, Goregaon East, Mumbai - 400063, Near Goregaon East Railway Station, Opposite DGS House"
R J Home Services,,"Room.no. 23 Building No. 01, Hill Road, Bandra West, Mumbai - 400050, Behind Bata Showroom"
Shri Electricals,,"Vitthai Niwas, Sector -26, Vashi, Navi Mumbai - 400703, Kopari Village, Near Hanuman Temple"
Bright Light Electrical,,"Shop No 1, Kharote Chawl, Gokuldas Wadi, Khopat-Thane West, Thane - 400601, Near Durga Mata Gym"
Raj Singh (Electrician),,"Radha Krishna Kutir Apartment, Ground Floor, Room No 6, Dombivli East, Thane - 421203, Near Haridev Nagar, Tukaram Chowk"
Bharat Electrician and Plum..,,"6 Apana Sakha Society, Aarey Road, Goregaon East, Mumbai - 400063, Near Goregaon East Railway Station, Opposite DGS House"
Shri Electricals,,"Vitthai Niwas, Sector -26, Vashi, Navi Mumbai - 400703, Kopari Village, Near Hanuman Temple"
Nitin Electricians,,"Plot Number A-15, Agarwal Dairy Farm, Thane Belapur Road, Kopar Khairane, Navi Mumbai - 400709, Near Kopar Khairane MIDC"
Vinodini Electrician Work,,"Laxmi Wadi, Sainath Nagari,, Chendani Koliwala, Thane East, Thane - 400603, Saibaba Mandir"
Yusufi Electricals,,"Shop No 3, Kanji Mansion, SVP Road, 6th Khetwadi-girgaon, Girgaon, Mumbai - 400004, Near Gokul Dham Hotel"
Burhani Electrician,,"Shanti Nagar , V5 3302 Anath Ashram Building, Sector 11, Mira Road, Thane - 401107, Near Bharat Gas"
Satya Electrical 24 Hours,,"Shop Number 04 Vajayanti Apartment, Lokhandwala Market Road, 4th Cross Lane, Andheri West, Mumbai - 400053, Near HDFC Bank"
A R Electric,,"Room,No 99, Mahada Four, Space 2 , Om Shanti Park, Jhangid Road, Mira Road, Thane - 401107, Behind Balaji Hotel"
Guru Krupa Electric,,"Shop No.2 Om Sagar Appartment, Sector-19, Cbd Belapur, Navi Mumbai - 400614, Near CBD Belapur Station"
Aditya Electricals Work,,"Shop No -02, Juhu Village, Plot No -179, Sector-11, Vashi, Navi Mumbai - 400703, Near Nakoda Hp Gas"
John Electricals 24 Hours,,"Shop 5, Orlem Market, Marve Road, Malad West, Mumbai - 400064, Near Orlem Church"
Satya Electrical 24 Hours,,"Shop Number 04 Vajayanti Apartment, Lokhandwala Market Road, 4th Cross Lane, Andheri West, Mumbai - 400053, Near HDFC Bank"
Eurotech Engineering,,"Sector 11,Plot No 26 C D, Kopar Khairane, Navi Mumbai - 400709"
Het Electricals,,"J 703, Rna Courtyard, Shanti Park, Mira Road, Thane - 401107, Near Hdfc Bank Ltd"
Frank Interior Decorators,,"Office 415 Sra Building, Free Press Road, Nariman Point, Mumbai - 400021, Opposite Raheja Chembers"
Bright Light Electrical,,"Shop No 1, Kharote Chawl, Gokuldas Wadi, Khopat-Thane West, Thane - 400601, Near Durga Mata Gym"
R J Home Services,,"Room.no. 23 Building No. 01, Hill Road, Bandra West, Mumbai - 400050, Behind Bata Showroom"
S Adnan Electricals,,"Room No 6, New Andheri Plot, Ramghad, Jogeshwari East, Mumbai - 400060, Near St Mary English High School"
Raj Singh (Electrician),,"Radha Krishna Kutir Apartment, Ground Floor, Room No 6, Dombivli East, Thane - 421203, Near Haridev Nagar, Tukaram Chowk"
John Electricals 24 Hours,,"Solitaire Corporate Park, Chakala, Andheri East, Mumbai - 400093, Near J B Nagar Metro Station,"
Bharat Electrician and Plum..,,"6 Apana Sakha Society, Aarey Road, Goregaon East, Mumbai - 400063, Near Goregaon East Railway Station, Opposite DGS House"
Shri Electricals,,"Vitthai Niwas, Sector -26, Vashi, Navi Mumbai - 400703, Kopari Village, Near Hanuman Temple"
Nitin Electricians,,"Plot Number A-15, Agarwal Dairy Farm, Thane Belapur Road, Kopar Khairane, Navi Mumbai - 400709, Near Kopar Khairane MIDC"
Vinodini Electrician Work,,"Laxmi Wadi, Sainath Nagari,, Chendani Koliwala, Thane East, Thane - 400603, Saibaba Mandir"
Yusufi Electricals,,"Shop No 3, Kanji Mansion, SVP Road, 6th Khetwadi-girgaon, Girgaon, Mumbai - 400004, Near Gokul Dham Hotel"
Burhani Electrician,,"Shanti Nagar , V5 3302 Anath Ashram Building, Sector 11, Mira Road, Thane - 401107, Near Bharat Gas"
Satya Electrical 24 Hours,,"Shop Number 04 Vajayanti Apartment, Lokhandwala Market Road, 4th Cross Lane, Andheri West, Mumbai - 400053, Near HDFC Bank"
A R Electric,,"Room,No 99, Mahada Four, Space 2 , Om Shanti Park, Jhangid Road, Mira Road, Thane - 401107, Behind Balaji Hotel"
Guru Krupa Electric,,"Shop No.2 Om Sagar Appartment, Sector-19, Cbd Belapur, Navi Mumbai - 400614, Near CBD Belapur Station"
John Electricals 24 Hours,,"Shop 5, Orlem Market, Marve Road, Malad West, Mumbai - 400064, Near Orlem Church"
Bharat Electrician and Plum..,,"6 Apana Sakha Society, Aarey Road, Goregaon East, Mumbai - 400063, Near Goregaon East Railway Station, Opposite DGS House"
Shri Electricals,,"Vitthai Niwas, Sector -26, Vashi, Navi Mumbai - 400703, Kopari Village, Near Hanuman Temple"
Nitin Electricians,,"Plot Number A-15, Agarwal Dairy Farm, Thane Belapur Road, Kopar Khairane, Navi Mumbai - 400709, Near Kopar Khairane MIDC"
Vinodini Electrician Work,,"Laxmi Wadi, Sainath Nagari,, Chendani Koliwala, Thane East, Thane - 400603, Saibaba Mandir"
Yusufi Electricals,,"Shop No 3, Kanji Mansion, SVP Road, 6th Khetwadi-girgaon, Girgaon, Mumbai - 400004, Near Gokul Dham Hotel"
Burhani Electrician,,"Shanti Nagar , V5 3302 Anath Ashram Building, Sector 11, Mira Road, Thane - 401107, Near Bharat Gas"
A R Electric,,"Room,No 99, Mahada Four, Space 2 , Om Shanti Park, Jhangid Road, Mira Road, Thane - 401107, Behind Balaji Hotel"
Aditya Electricals Work,,"Shop No -02, Juhu Village, Plot No -179, Sector-11, Vashi, Navi Mumbai - 400703, Near Nakoda Hp Gas"
Guru Krupa Electric,,"Shop No.2 Om Sagar Appartment, Sector-19, Cbd Belapur, Navi Mumbai - 400614, Near CBD Belapur Station"
Sudhir More,,"AH No.964,Sector -1, Airoli Naka, Airoli, Navi Mumbai - 400708, Opposite Fish Market"
Bharat Electrician and Plum..,,"6 Apana Sakha Society, Aarey Road, Goregaon East, Mumbai - 400063, Near Goregaon East Railway Station, Opposite DGS House"
Shri Electricals,,"Vitthai Niwas, Sector -26, Vashi, Navi Mumbai - 400703, Kopari Village, Near Hanuman Temple"
Nitin Electricians,,"Plot Number A-15, Agarwal Dairy Farm, Thane Belapur Road, Kopar Khairane, Navi Mumbai - 400709, Near Kopar Khairane MIDC"
Vinodini Electrician Work,,"Laxmi Wadi, Sainath Nagari,, Chendani Koliwala, Thane East, Thane - 400603, Saibaba Mandir"
Yusufi Electricals,,"Shop No 3, Kanji Mansion, SVP Road, 6th Khetwadi-girgaon, Girgaon, Mumbai - 400004, Near Gokul Dham Hotel"
Burhani Electrician,,"Shanti Nagar , V5 3302 Anath Ashram Building, Sector 11, Mira Road, Thane - 401107, Near Bharat Gas"
A R Electric,,"Room,No 99, Mahada Four, Space 2 , Om Shanti Park, Jhangid Road, Mira Road, Thane - 401107, Behind Balaji Hotel"
Guru Krupa Electric,,"Shop No.2 Om Sagar Appartment, Sector-19, Cbd Belapur, Navi Mumbai - 400614, Near CBD Belapur Station"
Aditya Electricals Work,,"Shop No -02, Juhu Village, Plot No -179, Sector-11, Vashi, Navi Mumbai - 400703, Near Nakoda Hp Gas"
Sudhir More,,"AH No.964,Sector -1, Airoli Naka, Airoli, Navi Mumbai - 400708, Opposite Fish Market"
John Electricals 24 Hours,,"Shop 5, Orlem Market, Marve Road, Malad West, Mumbai - 400064, Near Orlem Church"
Satya Electrical 24 Hours,,"Shop Number 04 Vajayanti Apartment, Lokhandwala Market Road, 4th Cross Lane, Andheri West, Mumbai - 400053, Near HDFC Bank"
Eurotech Engineering,,"Sector 11,Plot No 26 C D, Kopar Khairane, Navi Mumbai - 400709"
Het Electricals,,"J 703, Rna Courtyard, Shanti Park, Mira Road, Thane - 401107, Near Hdfc Bank Ltd"
Frank Interior Decorators,,"Office 415 Sra Building, Free Press Road, Nariman Point, Mumbai - 400021, Opposite Raheja Chembers"
Bright Light Electrical,,"Shop No 1, Kharote Chawl, Gokuldas Wadi, Khopat-Thane West, Thane - 400601, Near Durga Mata Gym"
R J Home Services,,"Room.no. 23 Building No. 01, Hill Road, Bandra West, Mumbai - 400050, Behind Bata Showroom"
S Adnan Electricals,,"Room No 6, New Andheri Plot, Ramghad, Jogeshwari East, Mumbai - 400060, Near St Mary English High School"
Raj Singh (Electrician),,"Radha Krishna Kutir Apartment, Ground Floor, Room No 6, Dombivli East, Thane - 421203, Near Haridev Nagar, Tukaram Chowk"
John Electricals 24 Hours,,"Solitaire Corporate Park, Chakala, Andheri East, Mumbai - 400093, Near J B Nagar Metro Station,"
